algorithm_name,env_n,size,best_solution,H,states,time
random,1,4,"[2, 0, 3, 1]",0,281,0.000407
HC,1,4,"[3, 0, 2, 1]",1,3,0.000031
SA,1,4,"[2, 0, 3, 1]",0,144,0.000170
GA,1,4,"[1, 3, 0, 2]",0,50,0.000073
random,2,4,"[2, 0, 3, 1]",0,41,0.000058
HC,2,4,"[2, 0, 1, 3]",1,2,0.000021
SA,2,4,"[2, 0, 3, 1]",0,319,0.000370
GA,2,4,"[1, 3, 0, 2]",0,100,0.000268
random,3,4,"[1, 3, 0, 2]",0,268,0.000357
HC,3,4,"[2, 0, 1, 3]",1,2,0.000020
SA,3,4,"[1, 3, 0, 2]",0,17,0.000022
GA,3,4,"[2, 0, 3, 1]",0,300,0.000996
random,4,4,"[2, 0, 3, 1]",0,226,0.000301
HC,4,4,"[2, 3, 1, 0]",2,2,0.000021
SA,4,4,"[1, 3, 0, 2]",0,104,0.000116
GA,4,4,"[2, 0, 3, 1]",0,50,0.000066
random,5,4,"[2, 0, 3, 1]",0,611,0.000787
HC,5,4,"[0, 2, 3, 1]",1,3,0.000029
SA,5,4,"[1, 3, 0, 2]",0,73,0.000081
GA,5,4,"[2, 0, 3, 1]",0,100,0.000252
random,6,4,"[2, 0, 3, 1]",0,88,0.000118
HC,6,4,"[2, 0, 3, 1]",0,3,0.000020
SA,6,4,"[1, 3, 0, 2]",0,152,0.000167
GA,6,4,"[1, 3, 0, 2]",0,50,0.000067
random,7,4,"[2, 0, 3, 1]",0,241,0.000310
HC,7,4,"[2, 3, 1, 0]",2,2,0.000020
SA,7,4,"[1, 3, 0, 2]",0,40,0.000046
GA,7,4,"[1, 3, 0, 2]",0,200,0.000624
random,8,4,"[1, 3, 0, 2]",0,8,0.000013
HC,8,4,"[0, 3, 1, 2]",1,2,0.000019
SA,8,4,"[1, 3, 0, 2]",0,14,0.000017
GA,8,4,"[2, 0, 3, 1]",0,150,0.000448
random,9,4,"[2, 0, 3, 1]",0,108,0.000140
HC,9,4,"[1, 2, 0, 3]",1,3,0.000028
SA,9,4,"[2, 0, 3, 1]",0,179,0.000197
GA,9,4,"[2, 0, 3, 1]",0,200,0.000614
random,10,4,"[1, 3, 0, 2]",0,180,0.000237
HC,10,4,"[3, 1, 2, 0]",2,3,0.000029
SA,10,4,"[2, 0, 3, 1]",0,137,0.000148
GA,10,4,"[2, 0, 3, 1]",0,100,0.000249
random,11,4,"[1, 3, 0, 2]",0,19,0.000027
HC,11,4,"[0, 3, 1, 2]",1,2,0.000019
SA,11,4,"[2, 0, 3, 1]",0,9,0.000014
GA,11,4,"[1, 3, 0, 2]",0,500,0.001688
random,12,4,"[1, 3, 0, 2]",0,75,0.000098
HC,12,4,"[0, 3, 1, 2]",1,2,0.000020
SA,12,4,"[2, 0, 3, 1]",0,211,0.000240
GA,12,4,"[1, 3, 0, 2]",0,50,0.000066
random,13,4,"[2, 0, 3, 1]",0,19,0.000027
HC,13,4,"[0, 3, 1, 2]",1,2,0.000020
SA,13,4,"[2, 0, 3, 1]",0,147,0.000162
GA,13,4,"[2, 0, 3, 1]",0,200,0.000604
random,14,4,"[2, 0, 3, 1]",0,9,0.000015
HC,14,4,"[1, 3, 0, 2]",0,3,0.000023
SA,14,4,"[2, 0, 3, 1]",0,48,0.000055
GA,14,4,"[2, 0, 3, 1]",0,50,0.000067
random,15,4,"[1, 3, 0, 2]",0,111,0.000148
HC,15,4,"[2, 0, 3, 1]",0,4,0.000028
SA,15,4,"[2, 0, 3, 1]",0,59,0.000063
GA,15,4,"[2, 0, 3, 1]",0,50,0.000066
random,16,4,"[1, 3, 0, 2]",0,151,0.000198
HC,16,4,"[3, 1, 0, 2]",1,3,0.000027
SA,16,4,"[1, 3, 0, 2]",0,16,0.000020
GA,16,4,"[2, 0, 3, 1]",0,400,0.001361
random,17,4,"[1, 3, 0, 2]",0,40,0.000059
HC,17,4,"[2, 0, 3, 1]",0,3,0.000020
SA,17,4,"[1, 3, 0, 2]",0,82,0.000092
GA,17,4,"[1, 3, 0, 2]",0,200,0.000609
random,18,4,"[1, 3, 0, 2]",0,50,0.000066
HC,18,4,"[1, 3, 0, 2]",0,3,0.000020
SA,18,4,"[1, 3, 0, 2]",0,23,0.000028
GA,18,4,"[2, 0, 3, 1]",0,100,0.000252
random,19,4,"[1, 3, 0, 2]",0,78,0.000105
HC,19,4,"[2, 0, 3, 1]",0,3,0.000019
SA,19,4,"[1, 3, 0, 2]",0,99,0.000108
GA,19,4,"[2, 0, 3, 1]",0,250,0.000783
random,20,4,"[1, 3, 0, 2]",0,87,0.000117
HC,20,4,"[1, 3, 0, 2]",0,3,0.000019
SA,20,4,"[1, 3, 0, 2]",0,220,0.000240
GA,20,4,"[1, 3, 0, 2]",0,200,0.000602
random,21,4,"[1, 3, 0, 2]",0,155,0.000204
HC,21,4,"[2, 0, 1, 3]",1,3,0.000029
SA,21,4,"[1, 3, 0, 2]",0,144,0.000158
GA,21,4,"[1, 3, 0, 2]",0,100,0.000247
random,22,4,"[1, 3, 0, 2]",0,89,0.000125
HC,22,4,"[2, 1, 3, 0]",1,3,0.000028
SA,22,4,"[2, 0, 3, 1]",0,22,0.000026
GA,22,4,"[2, 0, 3, 1]",0,100,0.000244
random,23,4,"[1, 3, 0, 2]",0,558,0.000726
HC,23,4,"[1, 3, 0, 2]",0,3,0.000020
SA,23,4,"[2, 0, 3, 1]",0,59,0.000062
GA,23,4,"[2, 0, 3, 1]",0,50,0.000065
random,24,4,"[1, 3, 0, 2]",0,80,0.000106
HC,24,4,"[1, 3, 0, 2]",0,3,0.000020
SA,24,4,"[2, 0, 3, 1]",0,34,0.000039
GA,24,4,"[1, 3, 0, 2]",0,50,0.000065
random,25,4,"[1, 3, 0, 2]",0,169,0.000220
HC,25,4,"[2, 0, 3, 1]",0,2,0.000011
SA,25,4,"[2, 0, 3, 1]",0,2,0.000003
GA,25,4,"[1, 3, 0, 2]",0,100,0.000248
random,26,4,"[2, 0, 3, 1]",0,520,0.000685
HC,26,4,"[2, 0, 3, 1]",0,3,0.000019
SA,26,4,"[2, 0, 3, 1]",0,16,0.000021
GA,26,4,"[2, 0, 3, 1]",0,250,0.000780
random,27,4,"[1, 3, 0, 2]",0,162,0.000213
HC,27,4,"[1, 2, 0, 3]",1,2,0.000019
SA,27,4,"[1, 3, 0, 2]",0,38,0.000044
GA,27,4,"[2, 0, 3, 1]",0,50,0.000067
random,28,4,"[1, 3, 0, 2]",0,145,0.000198
HC,28,4,"[2, 0, 3, 1]",0,3,0.000019
SA,28,4,"[1, 3, 0, 2]",0,17,0.000020
GA,28,4,"[2, 0, 3, 1]",0,100,0.000239
random,29,4,"[2, 0, 3, 1]",0,16,0.000024
HC,29,4,"[3, 1, 0, 2]",1,2,0.000021
SA,29,4,"[2, 0, 3, 1]",0,11,0.000014
GA,29,4,"[2, 0, 3, 1]",0,50,0.000066
random,30,4,"[2, 0, 3, 1]",0,65,0.000087
HC,30,4,"[2, 0, 3, 1]",0,3,0.000020
SA,30,4,"[1, 3, 0, 2]",0,151,0.000162
GA,30,4,"[1, 3, 0, 2]",0,50,0.000065
random,1,8,"[4, 2, 7, 5, 7, 0, 6, 3]",1,10000,0.033210
HC,1,8,"[4, 7, 3, 0, 6, 1, 5, 2]",0,4,0.000351
SA,1,8,"[3, 0, 4, 7, 5, 2, 6, 1]",0,508,0.001260
GA,1,8,"[0, 3, 5, 2, 6, 1, 7, 4]",1,10000,0.105211
random,2,8,"[1, 7, 5, 2, 6, 3, 0, 4]",1,10000,0.033485
HC,2,8,"[6, 5, 2, 0, 3, 7, 4, 1]",1,3,0.000342
SA,2,8,"[2, 4, 1, 7, 0, 6, 3, 5]",0,1439,0.003441
GA,2,8,"[3, 7, 4, 1, 5, 0, 6, 4]",1,10000,0.101570
random,3,8,"[6, 0, 5, 7, 1, 7, 4, 2]",2,10000,0.033464
HC,3,8,"[1, 6, 4, 7, 3, 0, 2, 5]",1,4,0.000454
SA,3,8,"[3, 7, 0, 4, 6, 1, 5, 2]",0,579,0.001439
GA,3,8,"[5, 1, 6, 0, 2, 4, 7, 3]",0,1680,0.017319
random,4,8,"[6, 5, 7, 2, 0, 3, 1, 4]",1,10000,0.033389
HC,4,8,"[5, 7, 4, 0, 2, 6, 1, 3]",1,4,0.000434
SA,4,8,"[6, 2, 0, 5, 7, 4, 1, 3]",0,881,0.002116
GA,4,8,"[1, 7, 4, 2, 0, 5, 3, 0]",1,10000,0.105368
random,5,8,"[0, 3, 5, 7, 1, 4, 2, 5]",1,10000,0.033329
HC,5,8,"[6, 2, 0, 4, 1, 7, 5, 3]",1,3,0.000336
SA,5,8,"[3, 6, 4, 2, 0, 5, 7, 1]",0,652,0.001600
GA,5,8,"[5, 2, 0, 6, 4, 7, 1, 3]",0,1280,0.013064
random,6,8,"[5, 7, 4, 1, 3, 6, 2, 0]",2,10000,0.033804
HC,6,8,"[7, 1, 6, 2, 5, 3, 0, 4]",1,3,0.000344
SA,6,8,"[5, 7, 4, 0, 2, 6, 1, 3]",1,1656,0.003976
GA,6,8,"[4, 6, 0, 2, 6, 1, 3, 7]",1,10000,0.103203
random,7,8,"[4, 7, 0, 2, 6, 1, 3, 7]",1,10000,0.033749
HC,7,8,"[6, 1, 3, 7, 0, 4, 2, 5]",1,4,0.000431
SA,7,8,"[7, 2, 4, 1, 7, 0, 3, 6]",1,1656,0.003982
GA,7,8,"[7, 3, 0, 2, 5, 1, 6, 4]",0,2320,0.023685
random,8,8,"[1, 5, 0, 6, 3, 0, 2, 7]",1,10000,0.033442
HC,8,8,"[2, 4, 6, 1, 3, 6, 0, 7]",1,6,0.000660
SA,8,8,"[5, 7, 2, 0, 5, 1, 4, 6]",1,1656,0.003978
GA,8,8,"[1, 3, 0, 6, 4, 2, 5, 3]",1,10000,0.102337
random,9,8,"[2, 4, 1, 7, 5, 1, 6, 0]",1,10000,0.033389
HC,9,8,"[5, 2, 0, 7, 0, 4, 1, 6]",2,3,0.000330
SA,9,8,"[5, 2, 0, 7, 3, 1, 6, 4]",0,1003,0.002395
GA,9,8,"[3, 0, 4, 7, 5, 2, 6, 1]",0,1600,0.016238
random,10,8,"[3, 7, 0, 4, 6, 1, 5, 2]",0,763,0.002541
HC,10,8,"[7, 0, 3, 6, 2, 5, 2, 4]",1,4,0.000443
SA,10,8,"[2, 7, 1, 3, 0, 6, 4, 0]",1,1656,0.003947
GA,10,8,"[4, 1, 7, 0, 3, 6, 2, 5]",0,8000,0.082933
random,11,8,"[3, 4, 0, 7, 5, 2, 6, 1]",1,10000,0.032795
HC,11,8,"[5, 0, 2, 4, 6, 3, 0, 7]",2,5,0.000530
SA,11,8,"[2, 4, 1, 7, 5, 3, 6, 0]",0,679,0.001605
GA,11,8,"[3, 1, 6, 4, 0, 7, 5, 2]",0,4960,0.051095
random,12,8,"[2, 7, 3, 0, 0, 5, 1, 6]",1,10000,0.033118
HC,12,8,"[6, 4, 7, 1, 3, 5, 2, 4]",1,6,0.000673
SA,12,8,"[1, 5, 7, 2, 0, 3, 6, 4]",0,393,0.000945
GA,12,8,"[6, 3, 1, 7, 5, 0, 2, 4]",0,720,0.006965
random,13,8,"[2, 5, 3, 1, 7, 4, 6, 0]",0,498,0.001656
HC,13,8,"[3, 0, 2, 5, 6, 1, 7, 4]",1,4,0.000447
SA,13,8,"[4, 6, 3, 0, 2, 7, 5, 1]",0,1275,0.003047
GA,13,8,"[1, 3, 6, 0, 7, 4, 1, 5]",1,10000,0.102871
random,14,8,"[3, 6, 4, 1, 5, 0, 2, 7]",0,6827,0.022414
HC,14,8,"[1, 6, 2, 7, 7, 4, 0, 5]",1,4,0.000446
SA,14,8,"[1, 4, 6, 0, 2, 7, 5, 3]",0,707,0.001767
GA,14,8,"[1, 6, 4, 0, 7, 5, 2, 2]",1,10000,0.104064
random,15,8,"[7, 0, 4, 6, 1, 6, 2, 5]",1,10000,0.032739
HC,15,8,"[7, 0, 4, 1, 1, 6, 6, 3]",2,4,0.000436
SA,15,8,"[0, 4, 6, 1, 3, 7, 0, 2]",1,1656,0.003994
GA,15,8,"[6, 3, 0, 4, 1, 4, 2, 7]",1,10000,0.104095
random,16,8,"[6, 2, 7, 5, 3, 0, 4, 1]",1,10000,0.032909
HC,16,8,"[2, 0, 3, 7, 5, 1, 6, 4]",1,3,0.000325
SA,16,8,"[6, 3, 0, 7, 5, 2, 5, 1]",1,1656,0.004001
GA,16,8,"[4, 7, 3, 0, 6, 1, 5, 2]",0,720,0.007016
random,17,8,"[3, 1, 6, 4, 3, 7, 0, 2]",2,10000,0.033326
HC,17,8,"[0, 7, 5, 2, 6, 1, 7, 4]",1,3,0.000323
SA,17,8,"[2, 4, 1, 7, 0, 6, 3, 5]",0,476,0.001128
GA,17,8,"[6, 3, 5, 7, 5, 0, 2, 4]",1,10000,0.103211
random,18,8,"[2, 5, 7, 1, 3, 0, 6, 1]",1,10000,0.033312
HC,18,8,"[0, 2, 5, 2, 6, 3, 0, 4]",2,4,0.000444
SA,18,8,"[4, 7, 3, 0, 2, 5, 1, 6]",0,1293,0.003163
GA,18,8,"[1, 7, 5, 0, 2, 4, 6, 3]",0,640,0.006249
random,19,8,"[0, 3, 6, 2, 7, 1, 3, 5]",1,10000,0.033201
HC,19,8,"[4, 6, 3, 0, 7, 5, 0, 2]",1,5,0.000543
SA,19,8,"[4, 6, 1, 5, 2, 0, 7, 3]",0,455,0.001125
GA,19,8,"[3, 5, 6, 2, 0, 7, 1, 4]",1,10000,0.102148
random,20,8,"[3, 0, 6, 1, 5, 7, 0, 4]",1,10000,0.033210
HC,20,8,"[4, 6, 1, 5, 1, 3, 7, 2]",2,3,0.000325
SA,20,8,"[2, 4, 7, 3, 0, 6, 1, 5]",0,312,0.000763
GA,20,8,"[2, 6, 1, 7, 5, 3, 0, 4]",0,1280,0.013096
random,21,8,"[2, 4, 1, 7, 4, 6, 0, 5]",1,10000,0.032906
HC,21,8,"[0, 3, 1, 7, 4, 6, 1, 5]",2,5,0.000540
SA,21,8,"[5, 1, 2, 4, 7, 3, 0, 6]",1,1656,0.003880
GA,21,8,"[6, 2, 0, 5, 7, 4, 1, 3]",0,1840,0.018768
random,22,8,"[0, 4, 6, 1, 3, 7, 2, 2]",2,10000,0.033058
HC,22,8,"[3, 5, 0, 4, 1, 7, 6, 2]",1,6,0.000656
SA,22,8,"[1, 4, 6, 0, 2, 7, 5, 3]",0,594,0.001438
GA,22,8,"[1, 5, 7, 2, 0, 3, 6, 4]",0,960,0.009724
random,23,8,"[2, 0, 7, 3, 1, 6, 1, 3]",2,10000,0.033613
HC,23,8,"[0, 4, 6, 1, 5, 7, 1, 3]",1,5,0.000552
SA,23,8,"[2, 0, 6, 4, 7, 1, 3, 5]",0,1389,0.003415
GA,23,8,"[2, 7, 3, 6, 0, 5, 1, 4]",0,1360,0.013778
random,24,8,"[4, 6, 7, 3, 2, 0, 5, 1]",2,10000,0.032978
HC,24,8,"[0, 3, 6, 2, 7, 5, 1, 4]",2,5,0.000553
SA,24,8,"[0, 4, 7, 5, 2, 6, 1, 3]",0,483,0.001167
GA,24,8,"[2, 5, 7, 0, 4, 6, 1, 3]",0,720,0.007071
random,25,8,"[5, 2, 0, 6, 6, 3, 1, 7]",2,10000,0.033310
HC,25,8,"[0, 2, 6, 1, 1, 7, 5, 3]",1,4,0.000435
SA,25,8,"[6, 2, 0, 5, 7, 4, 1, 3]",0,542,0.001325
GA,25,8,"[6, 2, 7, 2, 0, 3, 1, 4]",1,10000,0.102396
random,26,8,"[7, 0, 4, 1, 5, 2, 6, 3]",1,10000,0.033478
HC,26,8,"[5, 1, 6, 1, 7, 4, 2, 0]",2,5,0.000533
SA,26,8,"[4, 6, 1, 3, 7, 0, 2, 5]",0,872,0.002119
GA,26,8,"[4, 6, 3, 0, 2, 7, 5, 1]",0,720,0.007055
random,27,8,"[4, 2, 0, 3, 1, 7, 5, 2]",1,10000,0.033555
HC,27,8,"[4, 0, 5, 3, 1, 3, 7, 2]",1,4,0.000445
SA,27,8,"[5, 2, 0, 7, 4, 1, 3, 6]",0,513,0.001273
GA,27,8,"[4, 6, 3, 0, 2, 7, 5, 1]",0,1120,0.011313
random,28,8,"[2, 4, 7, 3, 0, 6, 1, 6]",1,10000,0.033028
HC,28,8,"[2, 4, 1, 7, 0, 6, 3, 5]",0,6,0.000559
SA,28,8,"[2, 5, 1, 6, 4, 0, 7, 3]",0,576,0.001416
GA,28,8,"[6, 3, 1, 7, 4, 0, 2, 5]",1,10000,0.104250
random,29,8,"[0, 4, 1, 7, 2, 6, 3, 1]",1,10000,0.033551
HC,29,8,"[4, 6, 1, 3, 7, 0, 2, 5]",0,5,0.000440
SA,29,8,"[0, 6, 4, 2, 7, 1, 3, 5]",1,1656,0.004013
GA,29,8,"[3, 1, 7, 5, 0, 2, 4, 6]",0,1840,0.018809
random,30,8,"[2, 0, 2, 7, 5, 3, 1, 4]",1,10000,0.033332
HC,30,8,"[3, 6, 3, 1, 4, 7, 5, 2]",1,4,0.000445
SA,30,8,"[3, 6, 0, 7, 4, 1, 5, 2]",0,469,0.001134
GA,30,8,"[6, 4, 2, 0, 5, 7, 1, 3]",0,3280,0.033576
random,1,10,"[8, 6, 4, 0, 7, 5, 7, 3, 1, 8]",3,10000,0.045651
HC,1,10,"[0, 6, 9, 1, 1, 4, 7, 8, 2, 5]",2,6,0.001561
SA,1,10,"[6, 0, 7, 1, 6, 8, 2, 4, 9, 3]",1,1701,0.005820
GA,1,10,"[6, 7, 3, 1, 8, 4, 9, 0, 2, 5]",1,10000,0.155524
random,2,10,"[8, 1, 5, 7, 0, 4, 3, 9, 6, 4]",2,10000,0.046557
HC,2,10,"[0, 4, 7, 1, 8, 5, 2, 9, 3, 6]",1,5,0.001346
SA,2,10,"[2, 5, 8, 1, 3, 6, 9, 7, 0, 4]",0,1367,0.004707
GA,2,10,"[6, 8, 2, 7, 1, 3, 5, 0, 9, 4]",0,2700,0.043179
random,3,10,"[0, 7, 5, 2, 0, 9, 4, 8, 3, 1]",2,10000,0.046478
HC,3,10,"[8, 0, 4, 7, 9, 6, 1, 5, 2, 5]",2,4,0.001038
SA,3,10,"[3, 8, 6, 2, 0, 5, 1, 4, 9, 7]",0,1313,0.004645
GA,3,10,"[6, 0, 2, 5, 7, 9, 3, 8, 4, 1]",0,10000,0.157732
random,4,10,"[6, 9, 9, 1, 4, 0, 8, 2, 5, 3]",2,10000,0.045924
HC,4,10,"[0, 3, 6, 9, 1, 4, 4, 8, 3, 5]",2,6,0.001608
SA,4,10,"[5, 2, 0, 6, 4, 7, 1, 3, 5, 8]",1,1701,0.005826
GA,4,10,"[7, 1, 4, 8, 0, 9, 3, 5, 2, 4]",1,10000,0.156122
random,5,10,"[4, 9, 0, 8, 1, 0, 6, 1, 7, 5]",3,10000,0.046187
HC,5,10,"[6, 4, 7, 5, 0, 9, 1, 8, 2, 8]",1,6,0.001659
SA,5,10,"[0, 6, 3, 5, 8, 1, 9, 4, 2, 7]",0,1035,0.003709
GA,5,10,"[7, 2, 8, 1, 9, 4, 0, 9, 3, 5]",1,10000,0.157471
random,6,10,"[3, 0, 2, 9, 6, 1, 3, 8, 1, 7]",3,10000,0.046045
HC,6,10,"[7, 5, 0, 3, 7, 0, 2, 6, 9, 1]",3,5,0.001308
SA,6,10,"[0, 3, 8, 6, 1, 9, 2, 5, 7, 4]",0,668,0.002364
GA,6,10,"[7, 5, 3, 6, 9, 0, 4, 1, 8, 2]",1,10000,0.159410
random,7,10,"[0, 5, 1, 8, 6, 8, 9, 1, 4, 7]",3,10000,0.046318
HC,7,10,"[4, 1, 5, 0, 2, 6, 2, 9, 7, 3]",1,4,0.001102
SA,7,10,"[8, 2, 5, 7, 1, 4, 0, 9, 3, 6]",1,1701,0.005846
GA,7,10,"[4, 7, 1, 6, 2, 5, 8, 0, 9, 3]",0,6100,0.097508
random,8,10,"[3, 7, 2, 8, 1, 1, 9, 0, 6, 0]",3,10000,0.045705
HC,8,10,"[0, 7, 5, 8, 2, 9, 3, 6, 4, 1]",0,5,0.001059
SA,8,10,"[0, 7, 1, 6, 8, 2, 4, 9, 3, 5]",0,1585,0.005468
GA,8,10,"[3, 6, 0, 5, 8, 4, 0, 7, 9, 1]",1,10000,0.160543
random,9,10,"[9, 7, 3, 3, 0, 8, 1, 4, 6, 1]",2,10000,0.046028
HC,9,10,"[3, 7, 0, 8, 2, 4, 6, 9, 5, 1]",1,5,0.001383
SA,9,10,"[6, 4, 1, 8, 0, 2, 7, 5, 1, 9]",1,1701,0.006053
GA,9,10,"[1, 8, 5, 7, 9, 0, 2, 4, 6, 3]",0,1300,0.020206
random,10,10,"[2, 8, 6, 1, 9, 7, 4, 0, 3, 5]",2,10000,0.045808
HC,10,10,"[1, 5, 2, 6, 9, 7, 4, 0, 3, 8]",0,6,0.001333
SA,10,10,"[4, 6, 3, 0, 7, 1, 8, 5, 2, 9]",0,965,0.003295
GA,10,10,"[4, 7, 5, 2, 9, 7, 0, 3, 1, 6]",1,10000,0.156309
random,11,10,"[7, 1, 5, 7, 0, 3, 8, 6, 9, 2]",2,10000,0.045922
HC,11,10,"[7, 6, 1, 9, 5, 0, 2, 3, 8, 4]",3,5,0.001358
SA,11,10,"[5, 3, 8, 2, 7, 1, 6, 0, 9, 4]",1,1701,0.005792
GA,11,10,"[2, 7, 9, 3, 8, 0, 4, 6, 1, 5]",0,2100,0.032501
random,12,10,"[2, 7, 0, 8, 5, 2, 9, 6, 4, 1]",2,10000,0.045698
HC,12,10,"[4, 6, 9, 5, 1, 8, 0, 3, 7, 2]",1,6,0.001585
SA,12,10,"[6, 9, 7, 1, 3, 0, 2, 8, 5, 3]",1,1701,0.005735
GA,12,10,"[2, 8, 5, 0, 9, 1, 4, 7, 7, 3]",1,10000,0.158868
random,13,10,"[6, 2, 2, 7, 1, 8, 1, 5, 9, 0]",3,10000,0.046468
HC,13,10,"[3, 6, 8, 1, 5, 9, 0, 6, 4, 2]",1,4,0.001081
SA,13,10,"[6, 0, 9, 1, 4, 7, 3, 8, 2, 5]",0,739,0.002615
GA,13,10,"[4, 9, 4, 2, 5, 8, 1, 7, 0, 3]",1,10000,0.159115
random,14,10,"[5, 3, 8, 4, 1, 9, 6, 2, 7, 0]",2,10000,0.046485
HC,14,10,"[5, 0, 8, 4, 2, 7, 2, 7, 1, 6]",2,5,0.001313
SA,14,10,"[5, 3, 0, 4, 7, 9, 2, 6, 8, 1]",0,829,0.002794
GA,14,10,"[6, 0, 3, 1, 9, 5, 8, 2, 4, 7]",1,10000,0.159152
random,15,10,"[4, 7, 7, 0, 5, 1, 9, 6, 8, 2]",2,10000,0.046176
HC,15,10,"[3, 1, 7, 5, 0, 9, 4, 8, 5, 2]",1,6,0.001626
SA,15,10,"[8, 3, 5, 7, 2, 0, 7, 4, 1, 9]",1,1701,0.005811
GA,15,10,"[2, 5, 9, 4, 1, 8, 6, 3, 0, 7]",0,7700,0.121778
random,16,10,"[5, 2, 0, 6, 4, 2, 1, 3, 7, 9]",3,10000,0.046152
HC,16,10,"[4, 6, 8, 0, 5, 3, 9, 7, 4, 2]",1,6,0.001654
SA,16,10,"[3, 8, 6, 4, 1, 5, 0, 9, 7, 2]",0,996,0.003453
GA,16,10,"[8, 4, 1, 9, 5, 2, 0, 7, 3, 7]",1,10000,0.159944
random,17,10,"[2, 9, 1, 3, 7, 0, 4, 8, 5, 3]",2,10000,0.046142
HC,17,10,"[4, 0, 3, 8, 2, 5, 1, 9, 1, 6]",1,5,0.001307
SA,17,10,"[7, 5, 0, 8, 1, 4, 6, 3, 9, 2]",1,1701,0.005913
GA,17,10,"[2, 8, 3, 7, 9, 1, 5, 0, 6, 9]",1,10000,0.159393
random,18,10,"[1, 3, 6, 8, 4, 1, 9, 0, 2, 7]",2,10000,0.046384
HC,18,10,"[5, 7, 4, 1, 3, 8, 6, 2, 9, 2]",1,6,0.001686
SA,18,10,"[4, 6, 1, 9, 6, 3, 7, 2, 8, 5]",1,1701,0.005885
GA,18,10,"[4, 6, 9, 3, 5, 0, 2, 9, 7, 1]",1,10000,0.159269
random,19,10,"[3, 7, 2, 8, 1, 1, 4, 5, 9, 0]",2,10000,0.045917
HC,19,10,"[7, 5, 2, 9, 1, 6, 4, 8, 0, 0]",2,4,0.001135
SA,19,10,"[6, 2, 7, 1, 3, 0, 9, 4, 8, 5]",0,1264,0.004480
GA,19,10,"[4, 9, 0, 5, 3, 1, 7, 2, 8, 6]",0,8100,0.127864
random,20,10,"[0, 5, 9, 8, 3, 7, 4, 1, 1, 6]",2,10000,0.047092
HC,20,10,"[3, 7, 2, 8, 1, 7, 4, 0, 9, 5]",1,4,0.001027
SA,20,10,"[4, 7, 3, 8, 6, 2, 0, 5, 1, 9]",0,1511,0.005272
GA,20,10,"[1, 4, 6, 8, 2, 7, 1, 3, 5, 0]",1,10000,0.157561
random,21,10,"[6, 6, 0, 5, 8, 4, 7, 3, 8, 2]",2,10000,0.046338
HC,21,10,"[4, 1, 7, 9, 6, 0, 2, 8, 5, 2]",1,6,0.001635
SA,21,10,"[3, 7, 4, 2, 9, 6, 1, 5, 8, 0]",0,1111,0.003843
GA,21,10,"[4, 2, 5, 9, 6, 3, 0, 7, 1, 8]",0,3100,0.049097
random,22,10,"[7, 0, 2, 9, 5, 3, 8, 4, 4, 1]",2,10000,0.045870
HC,22,10,"[3, 6, 8, 2, 5, 9, 0, 1, 4, 7]",1,4,0.001079
SA,22,10,"[2, 5, 7, 1, 3, 0, 6, 4, 9, 1]",1,1701,0.005717
GA,22,10,"[8, 2, 4, 1, 7, 9, 6, 3, 5, 0]",0,9100,0.145431
random,23,10,"[8, 5, 9, 0, 3, 7, 9, 1, 6, 4]",2,10000,0.046247
HC,23,10,"[1, 7, 9, 6, 3, 2, 0, 5, 8, 4]",1,6,0.001661
SA,23,10,"[0, 4, 1, 8, 8, 3, 7, 9, 2, 6]",1,1701,0.005899
GA,23,10,"[3, 8, 8, 1, 4, 6, 0, 9, 7, 5]",1,10000,0.158421
random,24,10,"[0, 9, 5, 0, 1, 4, 7, 8, 6, 3]",3,10000,0.046094
HC,24,10,"[9, 4, 0, 7, 5, 2, 8, 1, 3, 6]",2,3,0.000800
SA,24,10,"[3, 1, 9, 7, 5, 0, 8, 6, 4, 2]",1,1701,0.005641
GA,24,10,"[0, 9, 7, 4, 2, 8, 5, 1, 3, 6]",1,10000,0.158014
random,25,10,"[7, 5, 6, 2, 0, 3, 9, 4, 8, 1]",2,10000,0.046000
HC,25,10,"[8, 2, 5, 6, 0, 7, 4, 1, 3, 9]",2,5,0.001406
SA,25,10,"[9, 6, 3, 0, 2, 7, 5, 1, 8, 4]",0,631,0.002198
GA,25,10,"[7, 1, 5, 0, 9, 4, 2, 8, 6, 3]",1,10000,0.156528
random,26,10,"[6, 3, 1, 4, 7, 9, 2, 5, 9, 0]",2,10000,0.045759
HC,26,10,"[2, 2, 6, 1, 3, 0, 9, 4, 8, 5]",1,4,0.001057
SA,26,10,"[6, 8, 2, 0, 9, 7, 4, 1, 3, 5]",0,566,0.001903
GA,26,10,"[2, 4, 8, 3, 0, 9, 7, 5, 1, 6]",0,2500,0.039849
random,27,10,"[5, 8, 4, 9, 3, 0, 2, 4, 6, 7]",3,10000,0.046140
HC,27,10,"[3, 1, 5, 8, 0, 7, 4, 2, 9, 6]",1,7,0.001807
SA,27,10,"[4, 8, 1, 5, 2, 6, 9, 0, 8, 3]",1,1701,0.005961
GA,27,10,"[8, 3, 0, 6, 9, 2, 5, 7, 4, 1]",0,2300,0.035821
random,28,10,"[5, 1, 6, 0, 7, 2, 1, 9, 4, 8]",3,10000,0.046148
HC,28,10,"[0, 5, 3, 4, 9, 7, 9, 1, 6, 8]",2,5,0.001423
SA,28,10,"[8, 2, 7, 1, 3, 5, 0, 9, 4, 6]",0,1635,0.005520
GA,28,10,"[5, 2, 9, 7, 0, 7, 3, 1, 6, 4]",1,10000,0.159377
random,29,10,"[4, 7, 2, 6, 9, 1, 0, 8, 3, 1]",3,10000,0.046100
HC,29,10,"[5, 8, 4, 1, 7, 0, 2, 6, 9, 3]",1,7,0.001824
SA,29,10,"[7, 9, 1, 6, 2, 0, 7, 4, 8, 3]",1,1701,0.005804
GA,29,10,"[5, 7, 9, 0, 3, 1, 6, 8, 2, 4]",0,1900,0.029875
random,30,10,"[3, 1, 7, 4, 2, 0, 6, 9, 0, 5]",2,10000,0.045941
HC,30,10,"[2, 9, 8, 4, 7, 3, 0, 6, 1, 5]",1,6,0.001584
SA,30,10,"[3, 1, 8, 5, 9, 6, 0, 2, 4, 7]",0,1197,0.004064
GA,30,10,"[7, 2, 4, 1, 8, 0, 9, 3, 5, 9]",1,10000,0.157491
