algorithm_name,scenario,env_n,states_n,actions_count,actions_cost,native_cost,time,solution_found
A*,HORIZ_CHEAP,1,278,37,172,172,0.0005415740001808445,True
A*,HORIZ_CHEAP,2,597,76,166,166,0.001166598000054364,True
A*,HORIZ_CHEAP,3,67,17,62,62,0.00013403499997366453,True
A*,HORIZ_CHEAP,4,995,71,314,314,0.0019602319998739404,True
A*,HORIZ_CHEAP,5,27,10,28,28,6.536899991260725e-05,True
A*,HORIZ_CHEAP,6,139,24,150,150,0.00027332799982104916,True
A*,HORIZ_CHEAP,7,2338,125,971,971,0.0048838770003385434,True
A*,HORIZ_CHEAP,8,243,36,234,234,0.0004629110003406822,True
A*,HORIZ_CHEAP,9,111,20,101,101,0.0002147980003428529,True
A*,HORIZ_CHEAP,10,1606,86,419,419,0.0032225659997493494,True
A*,HORIZ_CHEAP,11,3046,125,539,539,0.006240897999759909,True
A*,HORIZ_CHEAP,12,480,79,187,187,0.0009407969996573229,True
A*,HORIZ_CHEAP,13,768,60,384,384,0.001493502999892371,True
A*,HORIZ_CHEAP,14,1262,75,435,435,0.0025749849996827834,True
A*,HORIZ_CHEAP,15,133,24,132,132,0.00026207600012639887,True
A*,HORIZ_CHEAP,16,66,34,331,331,0.00015660200006095693,True
A*,HORIZ_CHEAP,17,186,34,106,106,0.00035861900005329517,True
A*,HORIZ_CHEAP,18,73,25,52,52,0.0001532910000605625,True
A*,HORIZ_CHEAP,19,222,35,89,89,0.000451437999799964,True
A*,HORIZ_CHEAP,20,47,39,48,48,0.0001167840000562137,True
A*,HORIZ_CHEAP,21,41,21,30,30,9.907699995892472e-05,True
A*,HORIZ_CHEAP,22,457,52,169,169,0.0009034209997480502,True
A*,HORIZ_CHEAP,23,130,57,93,93,0.0002785520000543329,True
A*,HORIZ_CHEAP,24,5180,155,947,947,0.010954684999887832,True
A*,HORIZ_CHEAP,25,394,56,128,128,0.0007813410002199817,True
A*,HORIZ_CHEAP,26,1465,82,514,514,0.00301860299987311,True
A*,HORIZ_CHEAP,27,273,33,213,213,0.0005299089998516138,True
A*,HORIZ_CHEAP,28,3476,132,573,573,0.007043920999876718,True
A*,HORIZ_CHEAP,29,1780,111,840,840,0.00357194200023514,True
A*,HORIZ_CHEAP,30,24,14,32,32,5.5870000323920976e-05,True
SUMMARY_MEAN,HORIZ_CHEAP,,863.4666666666667,58.166666666666664,281.96666666666664,281.96666666666664,0.00176372006665891,
SUMMARY_STD,HORIZ_CHEAP,,1206.7820221104096,38.74109216609958,263.95763338502303,263.95763338502303,0.0025114305118392978,
BFS,HORIZ_CHEAP,1,1620,37,172,172,0.0016224310002144193,True
BFS,HORIZ_CHEAP,2,5501,76,166,166,0.005413743000190152,True
BFS,HORIZ_CHEAP,3,511,17,62,62,0.0004951040000378271,True
BFS,HORIZ_CHEAP,4,6291,71,314,314,0.006139923999853636,True
BFS,HORIZ_CHEAP,5,187,10,28,28,0.00017900300008477643,True
BFS,HORIZ_CHEAP,6,996,24,150,150,0.000948864000292815,True
BFS,HORIZ_CHEAP,7,8423,125,971,971,0.00804993200017634,True
BFS,HORIZ_CHEAP,8,2235,36,234,234,0.002179240999794274,True
BFS,HORIZ_CHEAP,9,669,20,101,101,0.0006426879999708035,True
BFS,HORIZ_CHEAP,10,6557,86,419,419,0.006419383999855199,True
BFS,HORIZ_CHEAP,11,8715,125,539,539,0.009012281999730476,True
BFS,HORIZ_CHEAP,12,5144,79,187,187,0.005047462999755226,True
BFS,HORIZ_CHEAP,13,6091,60,384,384,0.006099795999944035,True
BFS,HORIZ_CHEAP,14,7958,75,435,435,0.007702000999870506,True
BFS,HORIZ_CHEAP,15,967,24,132,132,0.0009589369997229369,True
BFS,HORIZ_CHEAP,16,1760,34,331,331,0.0016972949997580145,True
BFS,HORIZ_CHEAP,17,2078,34,106,106,0.002045399000053294,True
BFS,HORIZ_CHEAP,18,1144,25,52,52,0.001120059000186302,True
BFS,HORIZ_CHEAP,19,1959,35,89,89,0.00720639300016046,True
BFS,HORIZ_CHEAP,20,1498,39,48,48,0.0014627919999838923,True
BFS,HORIZ_CHEAP,21,745,21,30,30,0.0006955740000194055,True
BFS,HORIZ_CHEAP,22,3811,52,169,169,0.0037291690000529343,True
BFS,HORIZ_CHEAP,23,4454,57,93,93,0.004270113000075071,True
BFS,HORIZ_CHEAP,24,8914,155,947,947,0.008610798000063369,True
BFS,HORIZ_CHEAP,25,3861,56,128,128,0.0037455000001500593,True
BFS,HORIZ_CHEAP,26,7016,82,514,514,0.006761638000170933,True
BFS,HORIZ_CHEAP,27,1334,33,213,213,0.0012852049999310111,True
BFS,HORIZ_CHEAP,28,8323,132,573,573,0.00803891699979431,True
BFS,HORIZ_CHEAP,29,6766,111,840,840,0.006413457999769889,True
BFS,HORIZ_CHEAP,30,202,14,32,32,0.0001945510002769879,True
SUMMARY_MEAN,HORIZ_CHEAP,,3857.6666666666665,58.166666666666664,281.96666666666664,281.96666666666664,0.003939588466664645,
SUMMARY_STD,HORIZ_CHEAP,,2947.5914951400955,38.74109216609958,263.95763338502303,263.95763338502303,0.0029262047948970873,
DFS,HORIZ_CHEAP,1,2074,661,1444,1444,0.002457542999763973,True
DFS,HORIZ_CHEAP,2,7506,984,2010,2010,0.008339157000136765,True
DFS,HORIZ_CHEAP,3,200000,0,0,0,0.21481790299958448,False
DFS,HORIZ_CHEAP,4,87806,999,2052,2052,0.09375045599972509,True
DFS,HORIZ_CHEAP,5,225,222,366,366,0.00029987800007802434,True
DFS,HORIZ_CHEAP,6,200000,0,0,0,0.21263339600000108,False
DFS,HORIZ_CHEAP,7,77880,999,2421,2421,0.08500827300031233,True
DFS,HORIZ_CHEAP,8,200000,0,0,0,0.21191624199991566,False
DFS,HORIZ_CHEAP,9,581,534,1191,1191,0.000777626000399323,True
DFS,HORIZ_CHEAP,10,200000,0,0,0,0.21463845600010245,False
DFS,HORIZ_CHEAP,11,8702,999,1935,1935,0.009542558000248391,True
DFS,HORIZ_CHEAP,12,37101,999,2151,2151,0.04021862900026463,True
DFS,HORIZ_CHEAP,13,39646,682,1258,1258,0.041184335999787436,True
DFS,HORIZ_CHEAP,14,2570,999,2205,2205,0.003021207000074355,True
DFS,HORIZ_CHEAP,15,200000,0,0,0,0.2127410289999716,False
DFS,HORIZ_CHEAP,16,200000,0,0,0,0.21292050100009874,False
DFS,HORIZ_CHEAP,17,200000,0,0,0,0.21297379299994645,False
DFS,HORIZ_CHEAP,18,200000,0,0,0,0.21907951200000753,False
DFS,HORIZ_CHEAP,19,200000,0,0,0,0.21602435400018294,False
DFS,HORIZ_CHEAP,20,200000,0,0,0,0.21893864899993787,False
DFS,HORIZ_CHEAP,21,200000,0,0,0,0.21640764399990076,False
DFS,HORIZ_CHEAP,22,101,100,217,217,0.00014434100012294948,True
DFS,HORIZ_CHEAP,23,9322,775,1603,1603,0.010304813999937323,True
DFS,HORIZ_CHEAP,24,93940,999,2331,2331,0.10230895599988798,True
DFS,HORIZ_CHEAP,25,200000,0,0,0,0.21531392699989738,False
DFS,HORIZ_CHEAP,26,1201,942,1878,1878,0.0015966200003276754,True
DFS,HORIZ_CHEAP,27,200000,0,0,0,0.21998694300009447,False
DFS,HORIZ_CHEAP,28,125961,944,1763,1763,0.1368672290000177,True
DFS,HORIZ_CHEAP,29,41232,999,2430,2430,0.04546696099987457,True
DFS,HORIZ_CHEAP,30,97,96,168,168,0.00012490399967646226,True
SUMMARY_MEAN,HORIZ_CHEAP,,31526.176470588234,760.7647058823529,1613.1176470588234,1613.1176470588234,0.03420079341180206,
SUMMARY_STD,HORIZ_CHEAP,,39444.58282829557,320.8553878787075,725.4671421880274,725.4671421880274,0.042700519040063084,
DLS(50),HORIZ_CHEAP,1,1078,49,256,256,0.0009358170000268728,True
DLS(50),HORIZ_CHEAP,2,27790,0,0,0,0.02680151200002001,False
DLS(50),HORIZ_CHEAP,3,3135,49,184,184,0.002816368999901897,True
DLS(50),HORIZ_CHEAP,4,35769,0,0,0,0.0397952329999498,False
DLS(50),HORIZ_CHEAP,5,1778,50,140,140,0.0015817820003576344,True
DLS(50),HORIZ_CHEAP,6,14659,50,194,194,0.013992636000239145,True
DLS(50),HORIZ_CHEAP,7,21722,0,0,0,0.02110348199994405,False
DLS(50),HORIZ_CHEAP,8,22215,50,248,248,0.02146372400011387,True
DLS(50),HORIZ_CHEAP,9,2298,50,149,149,0.0020791669999198348,True
DLS(50),HORIZ_CHEAP,10,29393,0,0,0,0.02864067000018622,False
DLS(50),HORIZ_CHEAP,11,25992,0,0,0,0.02505740100014009,False
DLS(50),HORIZ_CHEAP,12,24336,0,0,0,0.02349053099987941,False
DLS(50),HORIZ_CHEAP,13,38899,0,0,0,0.03763766600013696,False
DLS(50),HORIZ_CHEAP,14,38327,0,0,0,0.03703364300008616,False
DLS(50),HORIZ_CHEAP,15,4317,50,158,158,0.003903339999851596,True
DLS(50),HORIZ_CHEAP,16,19104,50,347,347,0.018325089999962074,True
DLS(50),HORIZ_CHEAP,17,20500,50,122,122,0.019414920000144775,True
DLS(50),HORIZ_CHEAP,18,11028,49,130,130,0.010385710000264226,True
DLS(50),HORIZ_CHEAP,19,228,49,121,121,0.00019270000029791845,True
DLS(50),HORIZ_CHEAP,20,149,49,94,94,0.0001302720002058777,True
DLS(50),HORIZ_CHEAP,21,5634,21,30,30,0.005257151000023441,True
DLS(50),HORIZ_CHEAP,22,32890,0,0,0,0.03201269200008028,False
DLS(50),HORIZ_CHEAP,23,32963,0,0,0,0.03155844499997329,False
DLS(50),HORIZ_CHEAP,24,16840,0,0,0,0.01625412299972595,False
DLS(50),HORIZ_CHEAP,25,32096,0,0,0,0.030901667999842175,False
DLS(50),HORIZ_CHEAP,26,33355,0,0,0,0.032216465000146854,False
DLS(50),HORIZ_CHEAP,27,10818,49,229,229,0.010201446999872132,True
DLS(50),HORIZ_CHEAP,28,19432,0,0,0,0.018394242000340455,False
DLS(50),HORIZ_CHEAP,29,17591,0,0,0,0.016780998000285763,False
DLS(50),HORIZ_CHEAP,30,4784,50,86,86,0.004436660999999731,True
SUMMARY_MEAN,HORIZ_CHEAP,,8115.0,47.666666666666664,165.86666666666667,165.86666666666667,0.007674452400078735,
SUMMARY_STD,HORIZ_CHEAP,,7470.941654169172,7.142984125855399,77.04013384088985,77.04013384088985,0.007192366198535674,
DLS(75),HORIZ_CHEAP,1,1363,75,318,318,0.0012180489998172561,True
DLS(75),HORIZ_CHEAP,2,79294,0,0,0,0.07819568600007187,False
DLS(75),HORIZ_CHEAP,3,10696,75,210,210,0.015011014000265277,True
DLS(75),HORIZ_CHEAP,4,89989,75,318,318,0.08801050900001428,True
DLS(75),HORIZ_CHEAP,5,10037,72,162,162,0.009276999999656255,True
DLS(75),HORIZ_CHEAP,6,36327,74,236,236,0.03497476800021104,True
DLS(75),HORIZ_CHEAP,7,63637,0,0,0,0.06157636399984767,False
DLS(75),HORIZ_CHEAP,8,40537,74,290,290,0.038973550999799045,True
DLS(75),HORIZ_CHEAP,9,8909,74,155,155,0.008313014000123076,True
DLS(75),HORIZ_CHEAP,10,80228,0,0,0,0.07817499499969927,False
DLS(75),HORIZ_CHEAP,11,74468,0,0,0,0.0722622120001688,False
DLS(75),HORIZ_CHEAP,12,68428,0,0,0,0.06689853399984713,False
DLS(75),HORIZ_CHEAP,13,89102,74,398,398,0.09264024200001586,True
DLS(75),HORIZ_CHEAP,14,88245,75,435,435,0.08721821900007853,True
DLS(75),HORIZ_CHEAP,15,8829,74,182,182,0.008349423999788996,True
DLS(75),HORIZ_CHEAP,16,45379,74,389,389,0.043679467999936605,True
DLS(75),HORIZ_CHEAP,17,41423,74,164,164,0.03979968799967537,True
DLS(75),HORIZ_CHEAP,18,16187,75,264,264,0.01562964300001113,True
DLS(75),HORIZ_CHEAP,19,1574,73,181,181,0.0013703399999940302,True
DLS(75),HORIZ_CHEAP,20,2476,75,174,174,0.002190840999901411,True
DLS(75),HORIZ_CHEAP,21,33245,21,30,30,0.03201290800006973,True
DLS(75),HORIZ_CHEAP,22,2215,74,191,191,0.002032824999787408,True
DLS(75),HORIZ_CHEAP,23,62021,75,129,129,0.060405207999792765,True
DLS(75),HORIZ_CHEAP,24,50132,0,0,0,0.04843879600002765,False
DLS(75),HORIZ_CHEAP,25,1734,74,200,200,0.0015328409999710857,True
DLS(75),HORIZ_CHEAP,26,93952,0,0,0,0.09225070899992716,False
DLS(75),HORIZ_CHEAP,27,15390,75,273,273,0.014595718000236957,True
DLS(75),HORIZ_CHEAP,28,56501,0,0,0,0.060348669999712,False
DLS(75),HORIZ_CHEAP,29,50122,0,0,0,0.04858901799980231,False
DLS(75),HORIZ_CHEAP,30,10240,74,128,128,0.009696846000224468,True
SUMMARY_MEAN,HORIZ_CHEAP,,29329.428571428572,71.71428571428571,229.85714285714286,229.85714285714286,0.02890152933330336,
SUMMARY_STD,HORIZ_CHEAP,,29636.10304304922,11.364702485548577,98.44761029496408,98.44761029496408,0.029534257137598597,
DLS(100),HORIZ_CHEAP,1,6595,99,342,342,0.006208609000168508,True
DLS(100),HORIZ_CHEAP,2,2901,100,316,316,0.00264797699992414,True
DLS(100),HORIZ_CHEAP,3,27481,99,270,270,0.02668137199998455,True
DLS(100),HORIZ_CHEAP,4,112741,99,342,342,0.11053377300004286,True
DLS(100),HORIZ_CHEAP,5,23881,100,208,208,0.023012580999875354,True
DLS(100),HORIZ_CHEAP,6,63486,100,280,280,0.06236738100005823,True
DLS(100),HORIZ_CHEAP,7,134101,0,0,0,0.13284652700031074,False
DLS(100),HORIZ_CHEAP,8,45562,100,334,334,0.04431399599980068,True
DLS(100),HORIZ_CHEAP,9,2012,96,177,177,0.0018950449998555996,True
DLS(100),HORIZ_CHEAP,10,113567,100,433,433,0.11665923700002168,True
DLS(100),HORIZ_CHEAP,11,150771,0,0,0,0.14855091600020387,False
DLS(100),HORIZ_CHEAP,12,59841,99,261,261,0.058591088999946805,True
DLS(100),HORIZ_CHEAP,13,131498,100,460,460,0.12964478599997165,True
DLS(100),HORIZ_CHEAP,14,19875,99,513,513,0.019126290999793127,True
DLS(100),HORIZ_CHEAP,15,14535,100,226,226,0.013901800999974512,True
DLS(100),HORIZ_CHEAP,16,91044,100,433,433,0.08927934900020773,True
DLS(100),HORIZ_CHEAP,17,49851,100,190,190,0.053135608000047796,True
DLS(100),HORIZ_CHEAP,18,42083,99,306,306,0.04059143699987544,True
DLS(100),HORIZ_CHEAP,19,6141,79,187,187,0.005677712999840878,True
DLS(100),HORIZ_CHEAP,20,8587,99,252,252,0.008000234000064665,True
DLS(100),HORIZ_CHEAP,21,90119,21,30,30,0.08819230599965522,True
DLS(100),HORIZ_CHEAP,22,101,100,217,217,0.00012456099966584588,True
DLS(100),HORIZ_CHEAP,23,334,99,243,243,0.00030721200027983286,True
DLS(100),HORIZ_CHEAP,24,109468,0,0,0,0.10706602200025372,False
DLS(100),HORIZ_CHEAP,25,5098,100,244,244,0.004856901000039215,True
DLS(100),HORIZ_CHEAP,26,119527,100,532,532,0.11783170299986523,True
DLS(100),HORIZ_CHEAP,27,1986,99,297,297,0.0017895930000122462,True
DLS(100),HORIZ_CHEAP,28,120143,0,0,0,0.11822097099957318,False
DLS(100),HORIZ_CHEAP,29,107261,0,0,0,0.11043834700012667,False
DLS(100),HORIZ_CHEAP,30,97,96,168,168,0.00012142099967604736,True
SUMMARY_MEAN,HORIZ_CHEAP,,41557.72,95.32,290.44,290.44,0.04101967903994591,
SUMMARY_STD,HORIZ_CHEAP,,43124.6756644221,15.716793566119012,114.11085136830765,114.11085136830765,0.0428638573516837,
Random,HORIZ_CHEAP,1,1047,37,172,172,0.0019452579999779118,True
Random,HORIZ_CHEAP,2,14352,76,166,166,0.02773111800024708,True
Random,HORIZ_CHEAP,3,627,17,62,62,0.0011598979999689618,True
Random,HORIZ_CHEAP,4,11135,71,314,314,0.021437221999804024,True
Random,HORIZ_CHEAP,5,280,10,28,28,0.0005239700003585313,True
Random,HORIZ_CHEAP,6,1219,24,150,150,0.0023302499998862913,True
Random,HORIZ_CHEAP,7,25432,125,971,971,0.04918666499997926,True
Random,HORIZ_CHEAP,8,2987,38,236,236,0.005803246000141371,True
Random,HORIZ_CHEAP,9,528,20,101,101,0.000979938000000402,True
Random,HORIZ_CHEAP,10,11596,86,419,419,0.022333381000407826,True
Random,HORIZ_CHEAP,11,21334,125,539,539,0.04066911900008563,True
Random,HORIZ_CHEAP,12,13646,81,207,207,0.026229650000004767,True
Random,HORIZ_CHEAP,13,8066,60,384,384,0.015561004000119283,True
Random,HORIZ_CHEAP,14,10646,75,435,435,0.020790549000139436,True
Random,HORIZ_CHEAP,15,1297,24,132,132,0.002470576000177971,True
Random,HORIZ_CHEAP,16,4278,34,331,331,0.00815535900028408,True
Random,HORIZ_CHEAP,17,6104,36,108,108,0.01172652500008553,True
Random,HORIZ_CHEAP,18,1038,25,52,52,0.0018974510003317846,True
Random,HORIZ_CHEAP,19,3372,39,129,129,0.006471700000020064,True
Random,HORIZ_CHEAP,20,2791,39,48,48,0.005242132000148558,True
Random,HORIZ_CHEAP,21,978,21,30,30,0.0017671730001893593,True
Random,HORIZ_CHEAP,22,7028,52,169,169,0.013405139000042254,True
Random,HORIZ_CHEAP,23,13163,61,133,133,0.025112152000019705,True
Random,HORIZ_CHEAP,24,28860,157,949,949,0.05507592399999339,True
Random,HORIZ_CHEAP,25,8305,58,148,148,0.01583840200009945,True
Random,HORIZ_CHEAP,26,14041,82,514,514,0.02711909400022705,True
Random,HORIZ_CHEAP,27,1783,35,233,233,0.003388195999832533,True
Random,HORIZ_CHEAP,28,22927,132,573,573,0.04367234100027417,True
Random,HORIZ_CHEAP,29,12018,111,840,840,0.02306651699973372,True
Random,HORIZ_CHEAP,30,433,16,52,52,0.0007994510001481103,True
SUMMARY_MEAN,HORIZ_CHEAP,,8377.033333333333,58.9,287.5,287.5,0.01606298000009095,
SUMMARY_STD,HORIZ_CHEAP,,7982.373775944652,38.675875340234164,260.9340593585539,260.9340593585539,0.015314019982176713,
UCS,HORIZ_CHEAP,1,1979,37,172,172,0.0035091590002593875,True
UCS,HORIZ_CHEAP,2,2244,76,166,166,0.004026606000024913,True
UCS,HORIZ_CHEAP,3,442,17,62,62,0.0007759149998491921,True
UCS,HORIZ_CHEAP,4,5242,71,314,314,0.009894486000121105,True
UCS,HORIZ_CHEAP,5,103,10,28,28,0.0001857809998000448,True
UCS,HORIZ_CHEAP,6,2254,24,150,150,0.004140403000292281,True
UCS,HORIZ_CHEAP,7,9051,125,971,971,0.01664842900026997,True
UCS,HORIZ_CHEAP,8,3777,36,234,234,0.007057789999635133,True
UCS,HORIZ_CHEAP,9,1140,20,101,101,0.001975950000087323,True
UCS,HORIZ_CHEAP,10,5929,86,419,419,0.011186904000169307,True
UCS,HORIZ_CHEAP,11,7871,125,539,539,0.014877735000027315,True
UCS,HORIZ_CHEAP,12,2627,79,187,187,0.004955723999955808,True
UCS,HORIZ_CHEAP,13,6618,60,384,384,0.012484152000070026,True
UCS,HORIZ_CHEAP,14,7542,75,435,435,0.01425100200003726,True
UCS,HORIZ_CHEAP,15,1922,24,132,132,0.003574920000119164,True
UCS,HORIZ_CHEAP,16,5384,34,331,331,0.010332329999982903,True
UCS,HORIZ_CHEAP,17,1313,34,106,106,0.0025294520000898046,True
UCS,HORIZ_CHEAP,18,276,25,52,52,0.00048741699993115617,True
UCS,HORIZ_CHEAP,19,1067,35,89,89,0.0018988850001733226,True
UCS,HORIZ_CHEAP,20,213,39,48,48,0.000382623999939824,True
UCS,HORIZ_CHEAP,21,130,21,30,30,0.000238454999816895,True
UCS,HORIZ_CHEAP,22,2642,52,169,169,0.004928921000100672,True
UCS,HORIZ_CHEAP,23,1155,57,93,93,0.0021216029999777675,True
UCS,HORIZ_CHEAP,24,8529,155,947,947,0.015507257999615831,True
UCS,HORIZ_CHEAP,25,1791,56,128,128,0.003269203999934689,True
UCS,HORIZ_CHEAP,26,7790,82,514,514,0.01459106900028928,True
UCS,HORIZ_CHEAP,27,2296,33,213,213,0.004100536999885662,True
UCS,HORIZ_CHEAP,28,6729,132,573,573,0.012499079999997775,True
UCS,HORIZ_CHEAP,29,8256,111,840,840,0.015174616999956925,True
UCS,HORIZ_CHEAP,30,88,14,32,32,0.00015067300000737305,True
SUMMARY_MEAN,HORIZ_CHEAP,,3546.6666666666665,58.166666666666664,281.96666666666664,281.96666666666664,0.006591902700013937,
SUMMARY_STD,HORIZ_CHEAP,,2977.0047400402677,38.74109216609958,263.95763338502303,263.95763338502303,0.005560785902952439,
A*,UNIFORM,1,278,37,172,37,0.0004875279996667814,True
A*,UNIFORM,2,597,76,166,76,0.0010602699999253673,True
A*,UNIFORM,3,67,17,62,17,0.000123917000109941,True
A*,UNIFORM,4,995,71,314,71,0.0017190000003211026,True
A*,UNIFORM,5,27,10,28,10,5.796799996460322e-05,True
A*,UNIFORM,6,139,24,150,24,0.0002497790001143585,True
A*,UNIFORM,7,2338,125,971,125,0.004273892999663076,True
A*,UNIFORM,8,243,36,234,36,0.00041809399999692687,True
A*,UNIFORM,9,111,20,101,20,0.00019490500017127488,True
A*,UNIFORM,10,1606,86,419,86,0.0029033989999334153,True
A*,UNIFORM,11,3046,125,539,125,0.005499201000020548,True
A*,UNIFORM,12,480,79,187,79,0.0008492110000588582,True
A*,UNIFORM,13,768,60,384,60,0.001335038999968674,True
A*,UNIFORM,14,1262,75,435,75,0.0022656819996882405,True
A*,UNIFORM,15,133,24,132,24,0.00023506800016548368,True
A*,UNIFORM,16,66,34,331,34,0.0001344539996352978,True
A*,UNIFORM,17,186,34,106,34,0.00031999900011214777,True
A*,UNIFORM,18,73,25,52,25,0.0001352560002487735,True
A*,UNIFORM,19,192,35,89,35,0.0003614170000219019,True
A*,UNIFORM,20,47,39,48,39,0.00010067799985336023,True
A*,UNIFORM,21,41,21,30,21,8.411499993599136e-05,True
A*,UNIFORM,22,457,52,169,52,0.0007926590001261502,True
A*,UNIFORM,23,130,57,93,57,0.00024461000020892243,True
A*,UNIFORM,24,5180,155,947,155,0.009645215999626089,True
A*,UNIFORM,25,394,56,128,56,0.0006926340001882636,True
A*,UNIFORM,26,1465,82,514,82,0.002685477000341052,True
A*,UNIFORM,27,273,33,213,33,0.0004895040001429152,True
A*,UNIFORM,28,3476,132,573,132,0.006447411999943142,True
A*,UNIFORM,29,1780,111,840,111,0.00317013699987001,True
A*,UNIFORM,30,24,14,32,14,4.969200017512776e-05,True
SUMMARY_MEAN,UNIFORM,,862.4666666666667,58.166666666666664,281.96666666666664,58.166666666666664,0.0015675404666732598,
SUMMARY_STD,UNIFORM,,1207.3254665674133,38.74109216609958,263.95763338502303,38.74109216609958,0.0022292137606785925,
BFS,UNIFORM,1,1620,37,172,37,0.0015954170003169565,True
BFS,UNIFORM,2,5501,76,166,76,0.005391746000441344,True
BFS,UNIFORM,3,511,17,62,17,0.0004951669998263242,True
BFS,UNIFORM,4,6291,71,314,71,0.006381909000083397,True
BFS,UNIFORM,5,187,10,28,10,0.0001822160002120654,True
BFS,UNIFORM,6,996,24,150,24,0.000939068000207044,True
BFS,UNIFORM,7,8423,125,971,125,0.008268031000170595,True
BFS,UNIFORM,8,2235,36,234,36,0.002178521999667282,True
BFS,UNIFORM,9,669,20,101,20,0.0006422369997380883,True
BFS,UNIFORM,10,6557,86,419,86,0.006431289999909495,True
BFS,UNIFORM,11,8715,125,539,125,0.008472483999867109,True
BFS,UNIFORM,12,5144,79,187,79,0.004993124000066018,True
BFS,UNIFORM,13,6091,60,384,60,0.0060397019997253665,True
BFS,UNIFORM,14,7958,75,435,75,0.007832927999970707,True
BFS,UNIFORM,15,967,24,132,24,0.0008954459999586106,True
BFS,UNIFORM,16,1760,34,331,34,0.0017306669997196877,True
BFS,UNIFORM,17,2078,34,106,34,0.0020332949998191907,True
BFS,UNIFORM,18,1144,25,52,25,0.0010910320002039953,True
BFS,UNIFORM,19,1959,35,89,35,0.0019092719999207475,True
BFS,UNIFORM,20,1498,39,48,39,0.001478536000377062,True
BFS,UNIFORM,21,745,21,30,21,0.0007046389996503422,True
BFS,UNIFORM,22,3811,52,169,52,0.003740120000202296,True
BFS,UNIFORM,23,4454,57,93,57,0.004315172000133316,True
BFS,UNIFORM,24,8914,155,947,155,0.008727464000003238,True
BFS,UNIFORM,25,3861,56,128,56,0.003788311000334943,True
BFS,UNIFORM,26,7016,82,514,82,0.006937612999990961,True
BFS,UNIFORM,27,1334,33,213,33,0.0013394229999903473,True
BFS,UNIFORM,28,8323,132,573,132,0.0081845190002241,True
BFS,UNIFORM,29,6766,111,840,111,0.00665093399993566,True
BFS,UNIFORM,30,202,14,32,14,0.00018946299996969174,True
SUMMARY_MEAN,UNIFORM,,3857.6666666666665,58.166666666666664,281.96666666666664,58.166666666666664,0.003785324900021199,
SUMMARY_STD,UNIFORM,,2947.5914951400955,38.74109216609958,263.95763338502303,38.74109216609958,0.002903058409231764,
DFS,UNIFORM,1,2074,661,1444,661,0.0024063840000962955,True
DFS,UNIFORM,2,7506,984,2010,984,0.008273591000033775,True
DFS,UNIFORM,3,200000,0,0,0,0.21572111599971322,False
DFS,UNIFORM,4,87806,999,2052,999,0.09521369399999458,True
DFS,UNIFORM,5,225,222,366,222,0.0002869920003831794,True
DFS,UNIFORM,6,200000,0,0,0,0.21387979000019186,False
DFS,UNIFORM,7,77880,999,2421,999,0.08535206199985623,True
DFS,UNIFORM,8,200000,0,0,0,0.21396949399968435,False
DFS,UNIFORM,9,581,534,1191,534,0.0007701529998485057,True
DFS,UNIFORM,10,200000,0,0,0,0.2149713110002267,False
DFS,UNIFORM,11,8702,999,1935,999,0.009527273999992758,True
DFS,UNIFORM,12,37101,999,2151,999,0.04098041099996408,True
DFS,UNIFORM,13,39646,682,1258,682,0.047997955000028014,True
DFS,UNIFORM,14,2570,999,2205,999,0.003082529000039358,True
DFS,UNIFORM,15,200000,0,0,0,0.21561674200029302,False
DFS,UNIFORM,16,200000,0,0,0,0.215272430999903,False
DFS,UNIFORM,17,200000,0,0,0,0.21526184100002865,False
DFS,UNIFORM,18,200000,0,0,0,0.2117628490000243,False
DFS,UNIFORM,19,200000,0,0,0,0.21699342100009744,False
DFS,UNIFORM,20,200000,0,0,0,0.2213627319997613,False
DFS,UNIFORM,21,200000,0,0,0,0.21872273899998618,False
DFS,UNIFORM,22,101,100,217,100,0.00014216700037650298,True
DFS,UNIFORM,23,9322,775,1603,775,0.010347722000005888,True
DFS,UNIFORM,24,93940,999,2331,999,0.1034723140001006,True
DFS,UNIFORM,25,200000,0,0,0,0.22483472200019605,False
DFS,UNIFORM,26,1201,942,1878,942,0.0015584210000270105,True
DFS,UNIFORM,27,200000,0,0,0,0.22127279699998326,False
DFS,UNIFORM,28,125961,944,1763,944,0.13737861800018436,True
DFS,UNIFORM,29,41232,999,2430,999,0.04643648299997949,True
DFS,UNIFORM,30,97,96,168,96,0.000132997000036994,True
SUMMARY_MEAN,UNIFORM,,31526.176470588234,760.7647058823529,1613.1176470588234,760.7647058823529,0.034903515705938096,
SUMMARY_STD,UNIFORM,,39444.58282829557,320.8553878787075,725.4671421880274,320.8553878787075,0.04314405459052104,
DLS(50),UNIFORM,1,1078,49,256,49,0.0009602549998817267,True
DLS(50),UNIFORM,2,27790,0,0,0,0.026909504000286688,False
DLS(50),UNIFORM,3,3135,49,184,49,0.0028312819999882777,True
DLS(50),UNIFORM,4,35769,0,0,0,0.034465897000245604,False
DLS(50),UNIFORM,5,1778,50,140,50,0.001570186999742873,True
DLS(50),UNIFORM,6,14659,50,194,50,0.013994729999922129,True
DLS(50),UNIFORM,7,21722,0,0,0,0.0209193390001019,False
DLS(50),UNIFORM,8,22215,50,248,50,0.02112614299994675,True
DLS(50),UNIFORM,9,2298,50,149,50,0.0020956739999746787,True
DLS(50),UNIFORM,10,29393,0,0,0,0.028158213999631698,False
DLS(50),UNIFORM,11,25992,0,0,0,0.02519024699995498,False
DLS(50),UNIFORM,12,24336,0,0,0,0.02356656900019516,False
DLS(50),UNIFORM,13,38899,0,0,0,0.03753798000025199,False
DLS(50),UNIFORM,14,38327,0,0,0,0.03692755100018985,False
DLS(50),UNIFORM,15,4317,50,158,50,0.003929366000193113,True
DLS(50),UNIFORM,16,19104,50,347,50,0.018105675999777304,True
DLS(50),UNIFORM,17,20500,50,122,50,0.019355314999756956,True
DLS(50),UNIFORM,18,11028,49,130,49,0.010221575000286975,True
DLS(50),UNIFORM,19,228,49,121,49,0.00019289599958938197,True
DLS(50),UNIFORM,20,149,49,94,49,0.0001298870001846808,True
DLS(50),UNIFORM,21,5634,21,30,21,0.005286735000026965,True
DLS(50),UNIFORM,22,32890,0,0,0,0.03192339199995331,False
DLS(50),UNIFORM,23,32963,0,0,0,0.031310100999689894,False
DLS(50),UNIFORM,24,16840,0,0,0,0.01612015299997438,False
DLS(50),UNIFORM,25,32096,0,0,0,0.030620724000073096,False
DLS(50),UNIFORM,26,33355,0,0,0,0.03721438499997021,False
DLS(50),UNIFORM,27,10818,49,229,49,0.010257427999931679,True
DLS(50),UNIFORM,28,19432,0,0,0,0.018378794000000198,False
DLS(50),UNIFORM,29,17591,0,0,0,0.01673413199978313,False
DLS(50),UNIFORM,30,4784,50,86,50,0.004378825999992841,True
SUMMARY_MEAN,UNIFORM,,8115.0,47.666666666666664,165.86666666666667,47.666666666666664,0.007629064999946422,
SUMMARY_STD,UNIFORM,,7470.941654169172,7.142984125855399,77.04013384088985,7.142984125855399,0.007116550222081239,
DLS(75),UNIFORM,1,1363,75,318,75,0.0011967149998781679,True
DLS(75),UNIFORM,2,79294,0,0,0,0.07809585199993307,False
DLS(75),UNIFORM,3,10696,75,210,75,0.010117295999862108,True
DLS(75),UNIFORM,4,89989,75,318,75,0.089468227999987,True
DLS(75),UNIFORM,5,10037,72,162,72,0.009509973999684007,True
DLS(75),UNIFORM,6,36327,74,236,74,0.035113341999931436,True
DLS(75),UNIFORM,7,63637,0,0,0,0.06257987399976628,False
DLS(75),UNIFORM,8,40537,74,290,74,0.039080705999822385,True
DLS(75),UNIFORM,9,8909,74,155,74,0.008740248000322026,True
DLS(75),UNIFORM,10,80228,0,0,0,0.07854939299977559,False
DLS(75),UNIFORM,11,74468,0,0,0,0.07446079400006056,False
DLS(75),UNIFORM,12,68428,0,0,0,0.06614343499995812,False
DLS(75),UNIFORM,13,89102,74,398,74,0.0954937759997847,True
DLS(75),UNIFORM,14,88245,75,435,75,0.08665927699985332,True
DLS(75),UNIFORM,15,8829,74,182,74,0.008465288000024884,True
DLS(75),UNIFORM,16,45379,74,389,74,0.04387439699985407,True
DLS(75),UNIFORM,17,41423,74,164,74,0.03975248400001874,True
DLS(75),UNIFORM,18,16187,75,264,75,0.015428263999638148,True
DLS(75),UNIFORM,19,1574,73,181,73,0.0014071359996705723,True
DLS(75),UNIFORM,20,2476,75,174,75,0.0021686079999199137,True
DLS(75),UNIFORM,21,33245,21,30,21,0.03195007800013627,True
DLS(75),UNIFORM,22,2215,74,191,74,0.0019990589998997166,True
DLS(75),UNIFORM,23,62021,75,129,75,0.05999828600033652,True
DLS(75),UNIFORM,24,50132,0,0,0,0.04798295999989932,False
DLS(75),UNIFORM,25,1734,74,200,74,0.00149438399967039,True
DLS(75),UNIFORM,26,93952,0,0,0,0.09154359499962084,False
DLS(75),UNIFORM,27,15390,75,273,75,0.014728029999787395,True
DLS(75),UNIFORM,28,56501,0,0,0,0.060150895999868226,False
DLS(75),UNIFORM,29,50122,0,0,0,0.048359158000039315,False
DLS(75),UNIFORM,30,10240,74,128,74,0.009761946999788051,True
SUMMARY_MEAN,UNIFORM,,29329.428571428572,71.71428571428571,229.85714285714286,71.71428571428571,0.028876548714184276,
SUMMARY_STD,UNIFORM,,29636.10304304922,11.364702485548577,98.44761029496408,11.364702485548577,0.030011117325403354,
DLS(100),UNIFORM,1,6595,99,342,99,0.0062082019999252225,True
DLS(100),UNIFORM,2,2901,100,316,100,0.002642663000187895,True
DLS(100),UNIFORM,3,27481,99,270,99,0.026624953000009555,True
DLS(100),UNIFORM,4,112741,99,342,99,0.11081901500028835,True
DLS(100),UNIFORM,5,23881,100,208,100,0.02288112699989142,True
DLS(100),UNIFORM,6,63486,100,280,100,0.0625405559999308,True
DLS(100),UNIFORM,7,134101,0,0,0,0.13448323000011442,False
DLS(100),UNIFORM,8,45562,100,334,100,0.0440665840001202,True
DLS(100),UNIFORM,9,2012,96,177,96,0.0018738660000963137,True
DLS(100),UNIFORM,10,113567,100,433,100,0.112289674999829,True
DLS(100),UNIFORM,11,150771,0,0,0,0.15490281800020966,False
DLS(100),UNIFORM,12,59841,99,261,99,0.06091569000000163,True
DLS(100),UNIFORM,13,131498,100,460,100,0.13104523699985293,True
DLS(100),UNIFORM,14,19875,99,513,99,0.019182293000085338,True
DLS(100),UNIFORM,15,14535,100,226,100,0.013868345999981102,True
DLS(100),UNIFORM,16,91044,100,433,100,0.08940699500044502,True
DLS(100),UNIFORM,17,49851,100,190,100,0.04841825499988772,True
DLS(100),UNIFORM,18,42083,99,306,99,0.04590111299967248,True
DLS(100),UNIFORM,19,6141,79,187,79,0.005879158999960055,True
DLS(100),UNIFORM,20,8587,99,252,99,0.008003686999927595,True
DLS(100),UNIFORM,21,90119,21,30,21,0.08828338400007851,True
DLS(100),UNIFORM,22,101,100,217,100,0.0001252540000677982,True
DLS(100),UNIFORM,23,334,99,243,99,0.0003076810003221908,True
DLS(100),UNIFORM,24,109468,0,0,0,0.10792019100017569,False
DLS(100),UNIFORM,25,5098,100,244,100,0.004882662999989407,True
DLS(100),UNIFORM,26,119527,100,532,100,0.11846218000027875,True
DLS(100),UNIFORM,27,1986,99,297,99,0.0017523240003356477,True
DLS(100),UNIFORM,28,120143,0,0,0,0.11868024799969135,False
DLS(100),UNIFORM,29,107261,0,0,0,0.1053382589998364,False
DLS(100),UNIFORM,30,97,96,168,96,0.00011555199989743414,True
SUMMARY_MEAN,UNIFORM,,41557.72,95.32,290.44,95.32,0.0410598581600425,
SUMMARY_STD,UNIFORM,,43124.6756644221,15.716793566119012,114.11085136830765,15.716793566119012,0.04276367695918431,
Random,UNIFORM,1,1047,37,172,37,0.002195543000198086,True
Random,UNIFORM,2,14352,76,166,76,0.027443774999937887,True
Random,UNIFORM,3,627,17,62,17,0.0011672540003928589,True
Random,UNIFORM,4,11135,71,314,71,0.02141912200022489,True
Random,UNIFORM,5,280,10,28,10,0.0005086239998490782,True
Random,UNIFORM,6,1219,24,150,24,0.002312871000412997,True
Random,UNIFORM,7,25432,125,971,125,0.049392162000003736,True
Random,UNIFORM,8,2987,38,236,38,0.005719195999972726,True
Random,UNIFORM,9,528,20,101,20,0.0009653299998717557,True
Random,UNIFORM,10,11596,86,419,86,0.02226444600000832,True
Random,UNIFORM,11,21334,125,539,125,0.040875695000067935,True
Random,UNIFORM,12,13646,81,207,81,0.02618688199981989,True
Random,UNIFORM,13,8066,60,384,60,0.015577610000036657,True
Random,UNIFORM,14,10646,75,435,75,0.020670109000093362,True
Random,UNIFORM,15,1297,24,132,24,0.0024540439999327646,True
Random,UNIFORM,16,4278,34,331,34,0.008293966999644908,True
Random,UNIFORM,17,6104,36,108,36,0.011705000000347354,True
Random,UNIFORM,18,1038,25,52,25,0.001895298999897932,True
Random,UNIFORM,19,3372,39,129,39,0.006375384999955713,True
Random,UNIFORM,20,2791,39,48,39,0.0053347670000221115,True
Random,UNIFORM,21,978,21,30,21,0.0017836089996308147,True
Random,UNIFORM,22,7028,52,169,52,0.013386695999997755,True
Random,UNIFORM,23,13163,61,133,61,0.02521706700008508,True
Random,UNIFORM,24,28860,157,949,157,0.05543598899976132,True
Random,UNIFORM,25,8305,58,148,58,0.015823482000087097,True
Random,UNIFORM,26,14041,82,514,82,0.027073026999914873,True
Random,UNIFORM,27,1783,35,233,35,0.0033927949998542317,True
Random,UNIFORM,28,22927,132,573,132,0.04443853800012221,True
Random,UNIFORM,29,12018,111,840,111,0.023099636000097235,True
Random,UNIFORM,30,433,16,52,16,0.0008107100002234802,True
SUMMARY_MEAN,UNIFORM,,8377.033333333333,58.9,287.5,58.9,0.01610728766668217,
SUMMARY_STD,UNIFORM,,7982.373775944652,38.675875340234164,260.9340593585539,38.675875340234164,0.015400908361219379,
UCS,UNIFORM,1,1620,37,172,37,0.002723793999848567,True
UCS,UNIFORM,2,5501,76,166,76,0.014628893999997672,True
UCS,UNIFORM,3,511,17,62,17,0.0008254989998022211,True
UCS,UNIFORM,4,6291,71,314,71,0.010861292999834404,True
UCS,UNIFORM,5,187,10,28,10,0.0002968490002785984,True
UCS,UNIFORM,6,996,24,150,24,0.0015700670001024264,True
UCS,UNIFORM,7,8423,125,971,125,0.01410491800015734,True
UCS,UNIFORM,8,2235,36,234,36,0.0037466710000444436,True
UCS,UNIFORM,9,669,20,101,20,0.0010441419999551727,True
UCS,UNIFORM,10,6557,86,419,86,0.01116774499996609,True
UCS,UNIFORM,11,8715,125,539,125,0.014656107000064367,True
UCS,UNIFORM,12,5144,79,187,79,0.008816185000341648,True
UCS,UNIFORM,13,6091,60,384,60,0.010662457000307768,True
UCS,UNIFORM,14,7958,75,435,75,0.013647920000039448,True
UCS,UNIFORM,15,967,24,132,24,0.0015552210002169886,True
UCS,UNIFORM,16,1760,34,331,34,0.002961892999792326,True
UCS,UNIFORM,17,2078,34,106,34,0.0034631799999260693,True
UCS,UNIFORM,18,1144,25,52,25,0.0017995489997701952,True
UCS,UNIFORM,19,1959,35,89,35,0.003193323999767017,True
UCS,UNIFORM,20,1498,39,48,39,0.0024564600003031956,True
UCS,UNIFORM,21,745,21,30,21,0.001165886999842769,True
UCS,UNIFORM,22,3811,52,169,52,0.006350637000196002,True
UCS,UNIFORM,23,4454,57,93,57,0.00733211399983702,True
UCS,UNIFORM,24,8914,155,947,155,0.014574410000022908,True
UCS,UNIFORM,25,3861,56,128,56,0.00649032499995883,True
UCS,UNIFORM,26,7016,82,514,82,0.011811141000180214,True
UCS,UNIFORM,27,1334,33,213,33,0.002257097999972757,True
UCS,UNIFORM,28,8323,132,573,132,0.013916025000071386,True
UCS,UNIFORM,29,6766,111,840,111,0.01144802199996775,True
UCS,UNIFORM,30,202,14,32,14,0.0003033069997400162,True
SUMMARY_MEAN,UNIFORM,,3857.6666666666665,58.166666666666664,281.96666666666664,58.166666666666664,0.006661037800010187,
SUMMARY_STD,UNIFORM,,2947.5914951400955,38.74109216609958,263.95763338502303,38.74109216609958,0.005179651168579666,
